bcID,sampleID
FKSi1-1_GTGT,S001
FKSi1-2_GTGT,S002
FKSi1-3_GTGT,S003
FKSi1-4_GTGT,S004
FKSi1-5_GTGT,S005
FKSi1-6_GTGT,S006
FKSi1-7_GTGT,S007
FKSi1-1_AGAC,S008
FKSi1-2_AGAC,S009
FKSi1-3_AGAC,S010
FKSi1-4_AGAC,S011
FKSi1-5_AGAC,S012
FKSi1-6_AGAC,S013
FKSi1-7_AGAC,S014
FKSi1-1_ACCA,S015
FKSi1-2_ACCA,S016
FKSi1-3_ACCA,S017
FKSi1-4_ACCA,S018
FKSi1-5_ACCA,S019
FKSi1-6_ACCA,S020
FKSi1-7_ACCA,S021
FKSi1-1_AGTG,S022
FKSi1-2_AGTG,S023
FKSi1-3_AGTG,S024
FKSi1-4_AGTG,S025
FKSi1-5_AGTG,S026
FKSi1-6_AGTG,S027
FKSi1-7_AGTG,S028
FKSi1-1_CATC,S029
FKSi1-2_CATC,S030
FKSi1-3_CATC,S031
FKSi1-4_CATC,S032
FKSi1-5_CATC,S033
FKSi1-6_CATC,S034
FKSi1-7_CATC,S035
FKSi1-1_GTGA,S036
FKSi1-2_GTGA,S037
FKSi1-3_GTGA,S038
FKSi1-4_GTGA,S039
FKSi1-5_GTGA,S040
FKSi1-6_GTGA,S041
FKSi1-7_GTGA,S042
FKSi1-1_TCAG,S043
FKSi1-2_TCAG,S044
FKSi1-3_TCAG,S045
FKSi1-4_TCAG,S046
FKSi1-5_TCAG,S047
FKSi1-6_TCAG,S048
FKSi1-7_TCAG,S049
FKSi1-1_GCTT,S050
FKSi1-2_GCTT,S051
FKSi1-3_GCTT,S052
FKSi1-4_GCTT,S053
FKSi1-5_GCTT,S054
FKSi1-6_GCTT,S055
FKSi1-7_GCTT,S056
FKSi1-1_CTAC,S057
FKSi1-2_CTAC,S058
FKSi1-3_CTAC,S059
FKSi1-4_CTAC,S060
FKSi1-5_CTAC,S061
FKSi1-6_CTAC,S062
FKSi1-7_CTAC,S063
FKSi1-1_TGTC,S064
FKSi1-2_TGTC,S065
FKSi1-3_TGTC,S066.1
FKSi3-3_TCAC,S066.2
FKSi3-1_GACT,S066.3
FKSi1-4_TGTC,S067
FKSi1-5_TGTC,S068
FKSi1-6_TGTC,S069
FKSi1-7_TGTC,S070
FKSi1-1_TCAC,S071
FKSi1-2_TCAC,S072
FKSi1-3_TCAC,S073
FKSi1-4_TCAC,S074
FKSi1-5_TCAC,S075
FKSi1-6_TCAC,S076
FKSi1-7_TCAC,S077
FKSi1-1_GACT,S078
FKSi1-2_GACT,S079
FKSi1-3_GACT,S080
FKSi1-4_GACT,S081
FKSi1-5_GACT,S082
FKSi1-6_GACT,S083
FKSi1-7_GACT,S084
FKSi2-1_GTGT,S085
FKSi2-2_GTGT,S086
FKSi2-3_GTGT,S087
FKSi2-4_GTGT,S088
FKSi2-5_GTGT,S089
FKSi2-6_GTGT,S090
FKSi2-7_GTGT,S091
FKSi2-1_AGAC,S092
FKSi2-2_AGAC,S093
FKSi2-3_AGAC,S094
FKSi2-4_AGAC,S095
FKSi2-5_AGAC,S096
FKSi2-6_AGAC,S097
FKSi2-7_AGAC,S098
FKSi2-1_ACCA,S099
FKSi2-2_ACCA,S100
FKSi2-3_ACCA,S101
FKSi2-4_ACCA,S102
FKSi2-5_ACCA,S103
FKSi2-6_ACCA,S104
FKSi2-7_ACCA,S105
FKSi2-1_AGTG,S106
FKSi2-2_AGTG,S107
FKSi2-3_AGTG,S108
FKSi2-4_AGTG,S109
FKSi2-5_AGTG,S110
FKSi2-6_AGTG,S111
FKSi2-7_AGTG,S112
FKSi2-1_CATC,S113
FKSi2-2_CATC,S114
FKSi2-3_CATC,S115
FKSi2-4_CATC,S116
FKSi2-5_CATC,S117
FKSi2-6_CATC,S118
FKSi2-7_CATC,S119
FKSi2-1_GTGA,S120
FKSi2-2_GTGA,S121
FKSi2-3_GTGA,S122
FKSi2-4_GTGA,S123
FKSi2-5_GTGA,S124
FKSi2-6_GTGA,S125
FKSi2-7_GTGA,S126
FKSi2-1_TCAG,S127
FKSi2-2_TCAG,S128
FKSi2-3_TCAG,S129
FKSi2-4_TCAG,S130
FKSi2-5_TCAG,S131
FKSi2-6_TCAG,S132
FKSi2-7_TCAG,S133
FKSi2-1_GCTT,S134
FKSi2-2_GCTT,S135
FKSi2-3_GCTT,S136
FKSi2-4_GCTT,S137
FKSi2-5_GCTT,S138
FKSi2-6_GCTT,S139
FKSi2-7_GCTT,S140
FKSi2-1_CTAC,S141
FKSi2-2_CTAC,S142
FKSi2-3_CTAC,S143
FKSi2-4_CTAC,S144
FKSi2-5_CTAC,S145
FKSi2-6_CTAC,S146
FKSi2-7_CTAC,S147
FKSi2-1_TGTC,S148
FKSi2-2_TGTC,S149
FKSi2-3_TGTC,S150
FKSi2-4_TGTC,S151
FKSi2-5_TGTC,S152
FKSi2-6_TGTC,S153
FKSi2-7_TGTC,S154
FKSi2-1_TCAC,S155
FKSi2-2_TCAC,S156
FKSi2-3_TCAC,S157
FKSi2-4_TCAC,S158
FKSi2-5_TCAC,S159
FKSi2-6_TCAC,S160
FKSi2-7_TCAC,S161
FKSi2-1_GACT,S162.1
FKSi3-4_TCAC,S162.2
FKSi3-2_GACT,S162.3
FKSi2-2_GACT,S163
FKSi2-3_GACT,S164
FKSi2-4_GACT,S165
FKSi2-5_GACT,S166
FKSi2-6_GACT,S167
FKSi2-7_GACT,S168
FKSi3-1_GTGT,S169
FKSi3-2_GTGT,S170
FKSi3-3_GTGT,S171
FKSi3-4_GTGT,S172
FKSi3-5_GTGT,S173
FKSi3-1_AGAC,S174
FKSi3-2_AGAC,S175
FKSi3-3_AGAC,S176
FKSi3-4_AGAC,S177
FKSi3-5_AGAC,S178
FKSi3-1_ACCA,S179
FKSi3-2_ACCA,S180
FKSi3-3_ACCA,S181
FKSi3-4_ACCA,S182
FKSi3-5_ACCA,S183
FKSi3-1_AGTG,S184
FKSi3-2_AGTG,S185
FKSi3-3_AGTG,S186
FKSi3-4_AGTG,S187
FKSi3-5_AGTG,S188
FKSi3-1_CATC,S189
FKSi3-2_CATC,S190
FKSi3-3_CATC,S191
FKSi3-4_CATC,S192
FKSi3-5_CATC,S193
FKSi3-1_GTGA,S194
FKSi3-2_GTGA,S195
FKSi3-3_GTGA,S196
FKSi3-4_GTGA,S197
FKSi3-5_GTGA,S198
FKSi3-1_TCAG,S199
FKSi3-2_TCAG,S200
FKSi3-3_TCAG,S201
FKSi3-4_TCAG,S202
FKSi3-5_TCAG,S203
FKSi3-1_GCTT,S204
FKSi3-2_GCTT,S205.1
FKSi3-5_TCAC,S205.2
FKSi3-3_GACT,S205.3
FKSi3-3_GCTT,S206
FKSi3-4_GCTT,S207
FKSi3-5_GCTT,S208
FKSi3-1_CTAC,S209
FKSi3-2_CTAC,S210
FKSi3-3_CTAC,S211
FKSi3-4_CTAC,S212
FKSi3-5_CTAC,S213
FKSi3-1_TGTC,S214
FKSi3-2_TGTC,S215
FKSi3-3_TGTC,S216
FKSi3-4_TGTC,S217
FKSi3-5_TGTC,S218
FKSi3-1_TCAC,S219
FKSi3-2_TCAC,S220
